{"maxIters":50,"tol":0.0001,"maxErrors":[139408940.78067538,349639047892.4695,969889881686930.1,2716256441775802400.0,7.669184215111369e21,2.1850170973649374e25,6.2783485070096495e28,1.8133243719395003e32,5.261613000583802e35,1.5331285240636706e39,4.48415246950133e42,1.3160414155670363e46,3.8744340425819104e49,1.1438621823885992e53,3.385762178946972e56,1.0045211326711876e60,2.9980443248927537e63,9.07007894218908e66,2.7457490582380018e70,8.317201745575951e73,2.520863085650992e77,7.644788789543591e80,2.3196068377885906e84,7.04181248639278e87,2.1387719820413013e91,6.498955749721608e94,1.9756556900924052e98,6.008381538581913e101,1.8279855866110618e105,5.563498775769808e108,1.6938487353686666e112,5.15875091905653e115,1.5716295145253304e119,4.7894351327740344e122,1.4599573408258473e126,4.4515519114140856e129,1.357663566970638e133,4.141681847287008e136,1.2637463103677213e140,3.8568853630348473e143,1.1773418870648373e147,3.59462134933902e150,1.0977016373414044e154,3.352681139538289e157,5.872267282854272e125,9.028195763446866e128,1.5079565131906706e131]}