nodes, MOSEK, GUROBI, IPOPT, SPOCK
28.00000, 0.13475, 0.14576, 0.31750, 6.16936
25.00000, 0.20220, 0.24372, 0.59119, 7.6356
10.00000, 0.09154, 0.10849, 0.06269, 3.63505
11.00000, 0.04756, 0.07621, 0.03691, 2.0814
17.00000, 0.17662, 0.26342, 1.09086, 7.77774